Time,Gyro,Desired,InputMotorPower
0.018,-0.0107430555,0.0,59.05512
0.28,-0.0107430555,1.5,59.05512
0.535,-0.0107430555,1.5,59.05512
0.79,-0.010645833,1.5,59.05512
1.044,-0.010645833,1.5,59.05512
1.297,-0.010184028,1.5,59.05512
1.552,-0.010184028,1.5,59.05512
1.802,-0.0107430555,1.5,59.05512
2.056,-0.0107430555,1.5,59.05512
2.312,-0.009770833,1.5,59.05512
2.565,-0.009770833,1.5,59.05512
2.824,-0.010427084,1.5,59.05512
3.079,-0.010427084,1.5,59.05512
3.333,-0.010402778,1.5,59.05512
3.589,-0.010402778,1.5,59.05512
3.844,-0.0106701385,1.5,59.05512
4.094,-0.0106701385,1.5,58.267715
4.347,-0.010354167,1.5,58.267715
4.6,-0.010354167,1.5,57.480316
4.852,-0.010354167,1.5,57.480316
5.119,-0.010354167,1.5,56.692913
5.358,-0.010354167,1.5,56.692913
5.612,-0.010354167,1.5,55.90551
5.866,-0.010354167,1.5,55.90551
7.159,-0.010378472,1.5,55.90551
