Time,Gyro,Desired,InputMotorPower
0.347,0.0,0.0,39.37008
0.597,0.0,0.0,39.37008
0.849,0.0,1.5,39.37008
1.15,0.0,1.5,39.37008
1.41,0.0,1.5,40.157482
1.674,0.0,1.5,40.94488
1.925,0.0,1.5,40.94488
2.185,0.0,1.5,41.732285
2.446,0.0,1.5,41.732285
2.708,0.0,1.5,42.519684
2.967,0.0,1.5,42.519684
3.228,0.0,1.5,43.307087
3.491,0.0,1.5,43.307087
3.74,0.0,1.5,44.09449
4.005,0.0,1.5,44.09449
4.254,0.0,1.5,44.88189
4.517,0.0,1.5,44.88189
