Time,Gyro,Desired,InputMotorPower
0.002,-0.0013611112,0.0,59.05512
0.26,-0.0013611112,1.5,59.05512
0.515,-0.0013611112,1.5,59.05512
0.78,-0.0013611112,1.5,59.05512
1.031,-0.0013611112,1.5,59.05512
1.283,-0.0013611112,1.5,59.05512
1.539,-0.0013611112,1.5,59.05512
1.797,-0.0013611112,1.5,59.05512
2.052,-0.0013611112,1.5,59.05512
2.297,-0.0013611112,1.5,59.05512
2.547,-0.0013611112,1.5,59.05512
2.807,-0.0013611112,1.5,59.05512
3.061,-0.0013611112,1.5,59.05512
3.321,-0.0013611112,1.5,59.05512
3.577,-0.0013611112,1.5,59.05512
3.827,-0.0013611112,1.5,59.05512
